Workbook

Sheet Reef_data
L1: MEAN HEIGHT | O1: MEAN DIAMETER
A2: Reef | B2: Date | C2: Transect | D2: GPS | E2: Reef depth | F2: Habitat area (m2) | G2: Total coral cover (%) | H2: Branching | I2: Plate | J2: Massive | K2: Rugosity | L2: Branching | M2: Plate | N2: Massive | O2: Branching | P2: Plate | Q2: Massive | R2: Carrying capacity | S2: Rubble cover | T2: availabl recruitment substrate | U2: Brooder | V2: Spawning
A3: Eva | B3: 43739 | C3: 13 | D3: -21.917250°, 114.432528° | E3: 2 | F3: 381288.76 | G3: 65 | H3: 7.3758865 | I3: 41.028369 | J3: 16.595745 | K3: 2.07 | L3: 12.88 | M3: 7.5 | N3: 31.6 | O3: 27.1 | P3: 26.9 | Q3: 48.9 | R3: 94.93 | S3: 16.06 | T3: =R3-G3-S3 -> 13.87 | U3: 4.61 | V3: =G3-U3 -> 60.39
A6: Reef shape = S2 medium retention which sits in group 3 daily retention values

Sheet Population_size_structure
A1: Bins | B1: Branching | C1: Foliose | D1: Other
A2: 5 | B2: 1 | C2: 2.8405863 | D2: 18.767008
A3: 10 | B3: 8.5 | C3: 13.256069 | D3: 25.33546
A4: 15 | B4: 11.459304 | C4: 14.202931 | D4: 19.705358
A5: 20 | B5: 10.186048 | C5: 7.5748968 | D5: 4.6917519
A6: 25 | B6: 9.2788533 | C6: 6.9868954 | D6: 4.3398705
A7: 30 | B7: 8.3716583 | C7: 6.3988941 | D7: 3.9879891
A8: 35 | B8: 7.4644634 | C8: 5.8108927 | D8: 3.6361077
A9: 40 | B9: 6.5572685 | C9: 5.2228913 | D9: 3.2842263
A10: 45 | B10: 5.6500736 | C10: 4.63489 | D10: 2.9323449
A11: 50 | B11: 4.7428787 | C11: 4.0468886 | D11: 2.5804635
A12: 55 | B12: 3.8356838 | C12: 3.4588872 | D12: 2.2285822
A13: 60 | B13: 3.1831401 | C13: 2.8405863 | D13: 1.8767008
... A21: 100 | B21: 1.909884 | C21: 2.8405863 | D21: 0

Sheet Growth
A1: ONLY GROWTH | D1: YEAR 1 | F1: 7.5 | G1: 12.5 | H1: 17.5 | I1: 22.5 | J1: 27.5 | K1: 32.5 | L1: 37.5 | M1: 42.5 | N1: 47.5 | O1: 52.5 | P1: 57.5 | Q1: 62.5 | R1: 67.5 | S1: 72.5 | T1: 77.5 | U1: 82.5 | V1: 87.5 | W1: 92.5 | X1: 100
E2: BIN | F2: 10 | G2: 15 | H2: 20 | I2: 25 | J2: 30 | K2: 35 | L2: 40 | M2: 45 | N2: 50 | O2: 55 | P2: 60 | Q2: 65 | R2: 70 | S2: 75 | T2: 80 | U2: 85 | V2: 90 | W2: 95 | X2: >95
A3: Total CC = 65% | C3: Step 1 | D3: START T0 | E3: Branching | F3: 1.5037295 | G3: 18.982191 | H3: 15.764108 | I3: 11.697243 | J3: 9.989304 | K3: 8.2813649 | L3: 6.5734258 | M3: 4.8654867 | N3: 3.1575477 | O3: 2.5141869 | P3: 2.0737915 | Q3: 2.0262355 | R3: 1.9786795 | S3: 1.9311235 | T3: 1.8835675 | U3: 1.8360115 | V3: 1.7735111 | W3: 1.6462519 | X3: 1.5222401
E4: Foliose | F4: 0 | G4: 16.536144 | H4: 12.002206 | I4: 11.217082 | J4: 7.4258583 | K4: 7.1712227 | L4: 6.03244 | M4: 6.3967074 | N4: 4.3295701 | O4: 3.765483 | P4: 3.1303993 | Q4: 3.0419846 | R4: 2.9535699 | S4: 2.8651552 | T4: 2.7767404 | U4: 2.6883257 | V4: 2.599911 | W4: 2.5557036 | X4: 2.5114963
E5: Other | F5: 10.072838 | G5: 23.364245 | H5: 10.320224 | I5: 9.6909947 | J5: 5.7799123 | K5: 5.7298337 | L5: 4.7145042 | M5: 5.3401013 | N5: 3.3112582 | O5: 2.9233418 | P5: 2.4871629 | Q5: 2.1664663 | R5: 1.8457696 | S5: 1.525073 | T5: 1.2043763 | U5: 0.8836797 | V5: 0.56298306 | W5: 0.29054896 | X5: 0
Y6: TOTAL
D7: SA T0 | E7: Branching | F7: =(F1/2)*(((2.27999999999999+(0.67*F1))/2)*3.14)*((F3/100)) -> 0.64672682 | G7: =(G1/2)*(((2.27999999999999+(0.67*G1))/2)*3.14)*((G3/100)) -> 19.846296 | H7: =(H1/2)*(((2.27999999999999+(0.67*H1))/2)*3.14)*((H3/100)) -> 30.329149 | I7: =(I1/2)*(((2.27999999999999+(0.67*I1))/2)*3.14)*((I3/100)) -> 35.855874 | J7: =(J1/2)*(((2.27999999999999+(0.67*J1))/2)*3.14)*((J3/100)) -> 44.649111 | K7: =(K1/2)*(((2.27999999999999+(0.67*K1))/2)*3.14)*((K3/100)) -> 50.823 | L7: =(L1/2)*(((2.27999999999999+(0.67*L1))/2)*3.14)*((L3/100)) -> 53.030106 | M7: =(M1/2)*(((2.27999999999999+(0.67*M1))/2)*3.14)*((M3/100)) -> 49.922993 | ... X7: =(X1/2)*(((2.27999999999999+(0.67*X1))/2)*3.14)*((X3/100)) -> 82.786721 | Y7: =SUM(F7:X7) -> 916.19646
E8: Foliose | F8: =(F1/2)*(((2.27999999999999+(0.67*F1))/2)*3.14)*((F4/100)) -> 0 | G8: =(G1/2)*(((2.27999999999999+(0.67*G1))/2)*3.14)*((G4/100)) -> 17.2889 | H8: =(H1/2)*(((2.27999999999999+(0.67*H1))/2)*3.14)*((H4/100)) -> 23.091487 | I8: =(I1/2)*(((2.27999999999999+(0.67*I1))/2)*3.14)*((I4/100)) -> 34.384024 | J8: =(J1/2)*(((2.27999999999999+(0.67*J1))/2)*3.14)*((J4/100)) -> 33.191298 | K8: =(K1/2)*(((2.27999999999999+(0.67*K1))/2)*3.14)*((K4/100)) -> 44.010022 | L8: =(L1/2)*(((2.27999999999999+(0.67*L1))/2)*3.14)*((L4/100)) -> 48.665786 | M8: =(M1/2)*(((2.27999999999999+(0.67*M1))/2)*3.14)*((M4/100)) -> 65.634292 | ... X8: =(X1/2)*(((2.27999999999999+(0.67*X1))/2)*3.14)*((X4/100)) -> 136.58722 | Y8: =SUM(F8:X8) -> 1216.6456
E9: Other | F9: =(F1/2)*(((2.27999999999999+(0.67*F1))/2)*3.14)*((F5/100)) -> 4.3321451 | G9: =(G1/2)*(((2.27999999999999+(0.67*G1))/2)*3.14)*((G5/100)) -> 24.427829 | H9: =(H1/2)*(((2.27999999999999+(0.67*H1))/2)*3.14)*((H5/100)) -> 19.855459 | I9: =(I1/2)*(((2.27999999999999+(0.67*I1))/2)*3.14)*((I5/100)) -> 29.706066 | J9: =(J1/2)*(((2.27999999999999+(0.67*J1))/2)*3.14)*((J5/100)) -> 25.834427 | K9: =(K1/2)*(((2.27999999999999+(0.67*K1))/2)*3.14)*((K5/100)) -> 35.164172 | L9: =(L1/2)*(((2.27999999999999+(0.67*L1))/2)*3.14)*((L5/100)) -> 38.033541 | M9: =(M1/2)*(((2.27999999999999+(0.67*M1))/2)*3.14)*((M5/100)) -> 54.79284 | ... X9: =(X1/2)*(((2.27999999999999+(0.67*X1))/2)*3.14)*((X5/100)) -> 0 | Y9: =SUM(F9:X9) -> 612.48758
C12: Step 2a | D12: Rate of decline in growth rate | F12: 100 | G12: =F12-2.5 -> 97.5 | H12: =G12-2.5 -> 95 | I12: =H12-2.5 -> 92.5 | J12: =I12-2.5 -> 90 | K12: =J12-2.5 -> 87.5 | L12: =K12-2.5 -> 85 | M12: =L12-2.5 -> 82.5 | N12: =M12-2.5 -> 80 | ... X12: =W12-2.5 -> 55
A14: Note: using the default GR values | D14: New D values following growth | E14: Branching | F14: =F1+((2*5.4)*(F12/100)) -> 18.3 | G14: =G1+((2*5.4)*(G12/100)) -> 23.03 | H14: =H1+((2*5.4)*(H12/100)) -> 27.76 | I14: =I1+((2*5.4)*(I12/100)) -> 32.49 | J14: =J1+((2*5.4)*(J12/100)) -> 37.22 | K14: =K1+((2*5.4)*(K12/100)) -> 41.95 | L14: =L1+((2*5.4)*(L12/100)) -> 46.68 | M14: =M1+((2*5.4)*(M12/100)) -> 51.41 | ... X14: =X1+((2*5.4)*(X12/100)) -> 105.94
A15: B = 5.4 | E15: Foliose | F15: =F1+((2*2.1)*(F12/100)) -> 11.7 | G15: =G1+((2*2.1)*(G12/100)) -> 16.595 | H15: =H1+((2*2.1)*(H12/100)) -> 21.49 | I15: =I1+((2*2.1)*(I12/100)) -> 26.385 | J15: =J1+((2*2.1)*(J12/100)) -> 31.28 | K15: =K1+((2*2.1)*(K12/100)) -> 36.175 | L15: =L1+((2*2.1)*(L12/100)) -> 41.07 | M15: =M1+((2*2.1)*(M12/100)) -> 45.965 | ... X15: =X1+((2*2.1)*(X12/100)) -> 102.31
A16: F = 2.1 | E16: Other | F16: =F1+((0.8*2)*(F12/100)) -> 9.1 | G16: =G1+((0.8*2)*(G12/100)) -> 14.06 | H16: =H1+((0.8*2)*(H12/100)) -> 19.02 | I16: =I1+((0.8*2)*(I12/100)) -> 23.98 | J16: =J1+((0.8*2)*(J12/100)) -> 28.94 | K16: =K1+((0.8*2)*(K12/100)) -> 33.9 | L16: =L1+((0.8*2)*(L12/100)) -> 38.86 | M16: =M1+((0.8*2)*(M12/100)) -> 43.82 | ... X16: =X1+((0.8*2)*(X12/100)) -> 100.88
A17: O = 0.8
C18: Step 3 | D18: SA T1 | E18: Branching | F18: =(F14/2)*(((2.27999999999999+(0.67*F14))/2)*3.14)*((F3/100)) -> 3.1411216 | G18: =(G14/2)*(((2.27999999999999+(0.67*G14))/2)*3.14)*((G3/100)) -> 60.775836 | H18: =(H14/2)*(((2.27999999999999+(0.67*H14))/2)*3.14)*((H3/100)) -> 71.725302 | I18: =(I14/2)*(((2.27999999999999+(0.67*I14))/2)*3.14)*((I3/100)) -> 71.744277 | J18: =(J14/2)*(((2.27999999999999+(0.67*J14))/2)*3.14)*((J3/100)) -> 79.437925 | K18: =(K14/2)*(((2.27999999999999+(0.67*K14))/2)*3.14)*((K3/100)) -> 82.867497 | L18: =(L14/2)*(((2.27999999999999+(0.67*L14))/2)*3.14)*((L3/100)) -> 80.827153 | M18: =(M14/2)*(((2.27999999999999+(0.67*M14))/2)*3.14)*((M3/100)) -> 72.111049 | ... X18: =(X14/2)*(((2.27999999999999+(0.67*X14))/2)*3.14)*((X3/100)) -> 92.742436 | Y18: =SUM(F18:X18) -> 1282.0786
E19: Foliose | F19: =(F15/2)*(((2.27999999999999+(0.67*F15))/2)*3.14)*((F4/100)) -> 0 | G19: =(G15/2)*(((2.27999999999999+(0.67*G15))/2)*3.14)*((G4/100)) -> 28.863048 | H19: =(H15/2)*(((2.27999999999999+(0.67*H15))/2)*3.14)*((H4/100)) -> 33.769058 | I19: =(I15/2)*(((2.27999999999999+(0.67*I15))/2)*3.14)*((I4/100)) -> 46.368452 | J19: =(J15/2)*(((2.27999999999999+(0.67*J15))/2)*3.14)*((J4/100)) -> 42.371548 | K19: =(K15/2)*(((2.27999999999999+(0.67*K15))/2)*3.14)*((K4/100)) -> 54.000762 | L19: =(L15/2)*(((2.27999999999999+(0.67*L15))/2)*3.14)*((L4/100)) -> 57.950669 | M19: =(M15/2)*(((2.27999999999999+(0.67*M15))/2)*3.14)*((M4/100)) -> 76.343771 | ... X19: =(X15/2)*(((2.27999999999999+(0.67*X15))/2)*3.14)*((X4/100)) -> 142.8642 | Y19: =SUM(F19:X19) -> 1362.1332
E20: Other | F20: =(F16/2)*(((2.27999999999999+(0.67*F16))/2)*3.14)*((F5/100)) -> 6.0276971 | G20: =(G16/2)*(((2.27999999999999+(0.67*G16))/2)*3.14)*((G5/100)) -> 30.171716 | H20: =(H16/2)*(((2.27999999999999+(0.67*H16))/2)*3.14)*((H5/100)) -> 23.149282 | I20: =(I16/2)*(((2.27999999999999+(0.67*I16))/2)*3.14)*((I5/100)) -> 33.469004 | J20: =(J16/2)*(((2.27999999999999+(0.67*J16))/2)*3.14)*((J5/100)) -> 28.454066 | K20: =(K16/2)*(((2.27999999999999+(0.67*K16))/2)*3.14)*((K5/100)) -> 38.109194 | L20: =(L16/2)*(((2.27999999999999+(0.67*L16))/2)*3.14)*((L5/100)) -> 40.723346 | M20: =(M16/2)*(((2.27999999999999+(0.67*M16))/2)*3.14)*((M5/100)) -> 58.119218 | ... X20: =(X16/2)*(((2.27999999999999+(0.67*X16))/2)*3.14)*((X5/100)) -> 0 | Y20: =SUM(F20:X20) -> 651.8928
C23: Step 4 | D23: Rel increase | E23: Branching | F23: =(Y18-Y7)/Y7 -> 0.39934896
E24: Foliose | F24: =(Y19-Y8)/Y8 -> 0.1195809
E25: Other | F25: =(Y20-Y9)/Y9 -> 0.064336349
C28: Step 5 | D28: Abs coral cover | E28: Branching | F28: =(7.37999999999999/100)*(100+(F23*100)) -> 10.327195 | G28: =F28-7.37999999999999 -> 2.9471953
E29: Foliose | F29: =(41.03/100)*(100+(F24*100)) -> 45.936404 | G29: =F29-41.03 -> 4.9064042
E30: Other | F30: =(16.6/100)*(100+(F25*100)) -> 17.667983 | G30: =F30-16.6 -> 1.0679834
E32: TOTAL | F32: =SUM(F28:F30) -> 73.931583 | G32: So after 1 year we see a 8.93% increase in coral cover

Sheet PCM_rates
A1: Bins | B1: Branching | C1: Foliose | D1: Other
A2: 5 | B2: 1.63 | C2: 1.17 | D2: 1.17
A3: 10 | B3: 1.91 | C3: 1.36 | D3: 1.36
A4: 15 | B4: 2.19 | C4: 1.56 | D4: 1.56
A5: 20 | B5: 2.47 | C5: 1.76 | D5: 1.76
A6: 25 | B6: 2.75 | C6: 1.96 | D6: 1.96
A7: 30 | B7: 3.03 | C7: 2.16 | D7: 2.16
A8: 35 | B8: 3.3 | C8: 2.36 | D8: 2.36
A9: 40 | B9: 3.58 | C9: 2.56 | D9: 2.56
A10: 45 | B10: 3.86 | C10: 2.76 | D10: 2.76
A11: 50 | B11: 4.14 | C11: 2.96 | D11: 2.96
A12: 55 | B12: 4.42 | C12: 3.16 | D12: 3.16
A13: 60 | B13: 4.7 | C13: 3.35 | D13: 3.35
... A21: 100 | B21: 6.65 | C21: 4.75 | D21: 4.75

Sheet Mortality
A1: ONLY MORTALITY | E1: Mid bin value (cm) | F1: 7.5 | G1: 12.5 | H1: 17.5 | I1: 22.5 | J1: 27.5 | K1: 32.5 | L1: 37.5 | M1: 42.5 | N1: 47.5 | O1: 52.5 | P1: 57.5 | Q1: 62.5 | R1: 67.5 | S1: 72.5 | T1: 77.5 | U1: 82.5 | V1: 87.5 | W1: 92.5 | X1: 100
E2: BIN | F2: 10 | G2: 15 | H2: 20 | I2: 25 | J2: 30 | K2: 35 | L2: 40 | M2: 45 | N2: 50 | O2: 55 | P2: 60 | Q2: 65 | R2: 70 | S2: 75 | T2: 80 | U2: 85 | V2: 90 | W2: 95 | X2: >95
A3: Total CC = 65% | C3: Step 1 | D3: START T0 | E3: Branching | F3: 1.5037295 | G3: 18.982191 | H3: 15.764108 | I3: 11.697243 | J3: 9.989304 | K3: 8.2813649 | L3: 6.5734258 | M3: 4.8654867 | N3: 3.1575477 | O3: 2.5141869 | P3: 2.0737915 | Q3: 2.0262355 | R3: 1.9786795 | S3: 1.9311235 | T3: 1.8835675 | U3: 1.8360115 | V3: 1.7735111 | W3: 1.6462519 | X3: 1.5222401
E4: Foliose | F4: 0 | G4: 16.536144 | H4: 12.002206 | I4: 11.217082 | J4: 7.4258583 | K4: 7.1712227 | L4: 6.03244 | M4: 6.3967074 | N4: 4.3295701 | O4: 3.765483 | P4: 3.1303993 | Q4: 3.0419846 | R4: 2.9535699 | S4: 2.8651552 | T4: 2.7767404 | U4: 2.6883257 | V4: 2.599911 | W4: 2.5557036 | X4: 2.5114963
E5: Other | F5: 10.072838 | G5: 23.364245 | H5: 10.320224 | I5: 9.6909947 | J5: 5.7799123 | K5: 5.7298337 | L5: 4.7145042 | M5: 5.3401013 | N5: 3.3112582 | O5: 2.9233418 | P5: 2.4871629 | Q5: 2.1664663 | R5: 1.8457696 | S5: 1.525073 | T5: 1.2043763 | U5: 0.8836797 | V5: 0.56298306 | W5: 0.29054896 | X5: 0
D7: SA T0 | E7: Branching | F7: =(F1/2)*(((2.27999999999999+(0.67*F1))/2)*3.14)*((F3/100)) -> 0.64672682 | G7: =(G1/2)*(((2.27999999999999+(0.67*G1))/2)*3.14)*((G3/100)) -> 19.846296 | H7: =(H1/2)*(((2.27999999999999+(0.67*H1))/2)*3.14)*((H3/100)) -> 30.329149 | I7: =(I1/2)*(((2.27999999999999+(0.67*I1))/2)*3.14)*((I3/100)) -> 35.855874 | J7: =(J1/2)*(((2.27999999999999+(0.67*J1))/2)*3.14)*((J3/100)) -> 44.649111 | K7: =(K1/2)*(((2.27999999999999+(0.67*K1))/2)*3.14)*((K3/100)) -> 50.823 | L7: =(L1/2)*(((2.27999999999999+(0.67*L1))/2)*3.14)*((L3/100)) -> 53.030106 | M7: =(M1/2)*(((2.27999999999999+(0.67*M1))/2)*3.14)*((M3/100)) -> 49.922993 | ... X7: =(X1/2)*(((2.27999999999999+(0.67*X1))/2)*3.14)*((X3/100)) -> 82.786721 | Y7: =SUM(F7:X7) -> 916.19646
E8: Foliose | F8: =(F1/2)*(((2.27999999999999+(0.67*F1))/2)*3.14)*((F4/100)) -> 0 | G8: =(G1/2)*(((2.27999999999999+(0.67*G1))/2)*3.14)*((G4/100)) -> 17.2889 | H8: =(H1/2)*(((2.27999999999999+(0.67*H1))/2)*3.14)*((H4/100)) -> 23.091487 | I8: =(I1/2)*(((2.27999999999999+(0.67*I1))/2)*3.14)*((I4/100)) -> 34.384024 | J8: =(J1/2)*(((2.27999999999999+(0.67*J1))/2)*3.14)*((J4/100)) -> 33.191298 | K8: =(K1/2)*(((2.27999999999999+(0.67*K1))/2)*3.14)*((K4/100)) -> 44.010022 | L8: =(L1/2)*(((2.27999999999999+(0.67*L1))/2)*3.14)*((L4/100)) -> 48.665786 | M8: =(M1/2)*(((2.27999999999999+(0.67*M1))/2)*3.14)*((M4/100)) -> 65.634292 | ... X8: =(X1/2)*(((2.27999999999999+(0.67*X1))/2)*3.14)*((X4/100)) -> 136.58722 | Y8: =SUM(F8:X8) -> 1216.6456
A9: =AVERAGE(0.004,0.19,0.171999999999999) -> 0.122 | E9: Other | F9: =(F1/2)*(((2.27999999999999+(0.67*F1))/2)*3.14)*((F5/100)) -> 4.3321451 | G9: =(G1/2)*(((2.27999999999999+(0.67*G1))/2)*3.14)*((G5/100)) -> 24.427829 | H9: =(H1/2)*(((2.27999999999999+(0.67*H1))/2)*3.14)*((H5/100)) -> 19.855459 | I9: =(I1/2)*(((2.27999999999999+(0.67*I1))/2)*3.14)*((I5/100)) -> 29.706066 | J9: =(J1/2)*(((2.27999999999999+(0.67*J1))/2)*3.14)*((J5/100)) -> 25.834427 | K9: =(K1/2)*(((2.27999999999999+(0.67*K1))/2)*3.14)*((K5/100)) -> 35.164172 | L9: =(L1/2)*(((2.27999999999999+(0.67*L1))/2)*3.14)*((L5/100)) -> 38.033541 | M9: =(M1/2)*(((2.27999999999999+(0.67*M1))/2)*3.14)*((M5/100)) -> 54.79284 | ... X9: =(X1/2)*(((2.27999999999999+(0.67*X1))/2)*3.14)*((X5/100)) -> 0 | Y9: =SUM(F9:X9) -> 612.48758
C12: Step 2b | D12: WCM rates | E12: Branching | F12: =0.147999999999999 -> 0.148 | G12: 0.148 | H12: 0.076 | I12: 0.076 | J12: 0.076 | K12: 0.076 | L12: 0.076 | M12: 0.076 | N12: 0.076 | O12: 0.076 | P12: 0.076 | Q12: 0.076 | R12: 0.076 | S12: 0.076 | T12: 0.076 | U12: 0.076 | V12: 0.076 | W12: 0.076 | X12: 0.076
D13: applied to PSD | E13: Foliose | F13: 0.04 | G13: 0.04 | H13: 0.02 | I13: 0.02 | J13: 0.02 | K13: 0.02 | L13: 0.02 | M13: 0.02 | N13: 0.02 | O13: 0.02 | P13: 0.02 | Q13: 0.02 | R13: 0.02 | S13: 0.02 | T13: 0.02 | U13: 0.02 | V13: 0.02 | W13: 0.02 | X13: 0.02
E14: Other | F14: 0.04 | G14: 0.04 | H14: 0.02 | I14: 0.02 | J14: 0.02 | K14: 0.02 | L14: 0.02 | M14: 0.02 | N14: 0.02 | O14: 0.02 | P14: 0.02 | Q14: 0.02 | R14: 0.02 | S14: 0.02 | T14: 0.02 | U14: 0.02 | V14: 0.02 | W14: 0.02 | X14: 0.02
D16: New PSD after WCM | E16: Branching | F16: =(1-F12)*F3 -> 1.2811776 | G16: =(1-G12)*G3 -> 16.172827 | H16: =(1-H12)*H3 -> 14.566036 | I16: =(1-I12)*I3 -> 10.808253 | J16: =(1-J12)*J3 -> 9.2301169 | K16: =(1-K12)*K3 -> 7.6519812 | L16: =(1-L12)*L3 -> 6.0738455 | M16: =(1-M12)*M3 -> 4.4957097 | ... X16: =(1-X12)*X3 -> 1.4065498
E17: Foliose | F17: =(1-F13)*F4 -> 0 | G17: =(1-G13)*G4 -> 15.874698 | H17: =(1-H13)*H4 -> 11.762162 | I17: =(1-I13)*I4 -> 10.992741 | J17: =(1-J13)*J4 -> 7.2773411 | K17: =(1-K13)*K4 -> 7.0277982 | L17: =(1-L13)*L4 -> 5.9117912 | M17: =(1-M13)*M4 -> 6.2687732 | ... X17: =(1-X13)*X4 -> 2.4612664
E18: Other | F18: =(1-F14)*F5 -> 9.6699246 | G18: =(1-G14)*G5 -> 22.429675 | H18: =(1-H14)*H5 -> 10.113819 | I18: =(1-I14)*I5 -> 9.4971748 | J18: =(1-J14)*J5 -> 5.664314 | K18: =(1-K14)*K5 -> 5.615237 | L18: =(1-L14)*L5 -> 4.6202141 | M18: =(1-M14)*M5 -> 5.2332993 | ... X18: =(1-X14)*X5 -> 0
Y19: TOTAL
D20: Rel SA T1 | E20: Branching | F20: =(F1/2)*(((2.27999999999999+(0.67*F1))/2)*3.14)*((F16/100)) -> 0.55101125 | G20: =(G1/2)*(((2.27999999999999+(0.67*G1))/2)*3.14)*((G16/100)) -> 16.909044 | H20: =(H1/2)*(((2.27999999999999+(0.67*H1))/2)*3.14)*((H16/100)) -> 28.024134 | I20: =(I1/2)*(((2.27999999999999+(0.67*I1))/2)*3.14)*((I16/100)) -> 33.130827 | J20: =(J1/2)*(((2.27999999999999+(0.67*J1))/2)*3.14)*((J16/100)) -> 41.255778 | K20: =(K1/2)*(((2.27999999999999+(0.67*K1))/2)*3.14)*((K16/100)) -> 46.960452 | L20: =(L1/2)*(((2.27999999999999+(0.67*L1))/2)*3.14)*((L16/100)) -> 48.999818 | M20: =(M1/2)*(((2.27999999999999+(0.67*M1))/2)*3.14)*((M16/100)) -> 46.128845 | ... X20: =(X1/2)*(((2.27999999999999+(0.67*X1))/2)*3.14)*((X16/100)) -> 76.49493 | Y20: =SUM(F20:X20) -> 845.09003
E21: Foliose | F21: =(F1/2)*(((2.27999999999999+(0.67*F1))/2)*3.14)*((F17/100)) -> 0 | G21: =(G1/2)*(((2.27999999999999+(0.67*G1))/2)*3.14)*((G17/100)) -> 16.597344 | H21: =(H1/2)*(((2.27999999999999+(0.67*H1))/2)*3.14)*((H17/100)) -> 22.629658 | I21: =(I1/2)*(((2.27999999999999+(0.67*I1))/2)*3.14)*((I17/100)) -> 33.696344 | J21: =(J1/2)*(((2.27999999999999+(0.67*J1))/2)*3.14)*((J17/100)) -> 32.527472 | K21: =(K1/2)*(((2.27999999999999+(0.67*K1))/2)*3.14)*((K17/100)) -> 43.129822 | L21: =(L1/2)*(((2.27999999999999+(0.67*L1))/2)*3.14)*((L17/100)) -> 47.69247 | M21: =(M1/2)*(((2.27999999999999+(0.67*M1))/2)*3.14)*((M17/100)) -> 64.321606 | ... X21: =(X1/2)*(((2.27999999999999+(0.67*X1))/2)*3.14)*((X17/100)) -> 133.85548 | Y21: =SUM(F21:X21) -> 1191.9669
E22: Other | F22: =(F1/2)*(((2.27999999999999+(0.67*F1))/2)*3.14)*((F18/100)) -> 4.1588593 | G22: =(G1/2)*(((2.27999999999999+(0.67*G1))/2)*3.14)*((G18/100)) -> 23.450716 | H22: =(H1/2)*(((2.27999999999999+(0.67*H1))/2)*3.14)*((H18/100)) -> 19.45835 | I22: =(I1/2)*(((2.27999999999999+(0.67*I1))/2)*3.14)*((I18/100)) -> 29.111945 | J22: =(J1/2)*(((2.27999999999999+(0.67*J1))/2)*3.14)*((J18/100)) -> 25.317738 | K22: =(K1/2)*(((2.27999999999999+(0.67*K1))/2)*3.14)*((K18/100)) -> 34.460889 | L22: =(L1/2)*(((2.27999999999999+(0.67*L1))/2)*3.14)*((L18/100)) -> 37.27287 | M22: =(M1/2)*(((2.27999999999999+(0.67*M1))/2)*3.14)*((M18/100)) -> 53.696983 | ... X22: =(X1/2)*(((2.27999999999999+(0.67*X1))/2)*3.14)*((X18/100)) -> 0 | Y22: =SUM(F22:X22) -> 599.66263
D24: PCM rates | E24: Branching | F24: 1.91072 | G24: 2.18932 | H24: 2.46792 | I24: 2.74652 | J24: 3.02512 | K24: 3.30372 | L24: 3.58232 | M24: 3.86092 | N24: 4.13952 | O24: 4.41812 | P24: 4.69672 | Q24: 4.97532 | R24: 5.25392 | S24: 5.53252 | T24: 5.81112 | U24: 6.08972 | V24: 6.36832 | W24: 6.64692 | X24: 6.64692
D25: applied to SA | E25: Foliose | F25: 1.3648 | G25: 1.5638 | H25: 1.7628 | I25: 1.9618 | J25: 2.1608 | K25: 2.3598 | L25: 2.5588 | M25: 2.7578 | N25: 2.9568 | O25: 3.1558 | P25: 3.3548 | Q25: 3.5538 | R25: 3.7528 | S25: 3.9518 | T25: 4.1508 | U25: 4.3498 | V25: 4.5488 | W25: 4.7478 | X25: 4.7478
E26: Other | F26: 1.3648 | G26: 1.5638 | H26: 1.7628 | I26: 1.9618 | J26: 2.1608 | K26: 2.3598 | L26: 2.5588 | M26: 2.7578 | N26: 2.9568 | O26: 3.1558 | P26: 3.3548 | Q26: 3.5538 | R26: 3.7528 | S26: 3.9518 | T26: 4.1508 | U26: 4.3498 | V26: 4.5488 | W26: 4.7478 | X26: 4.7478
Y27: TOTAL
C28: Step 3 | D28: SA T1 after PCM | E28: Branching | F28: =((100-F24)/100)*F20 -> 0.54048297 | G28: =((100-G24)/100)*G20 -> 16.538851 | H28: =((100-H24)/100)*H20 -> 27.332521 | I28: =((100-I24)/100)*I20 -> 32.220882 | J28: =((100-J24)/100)*J20 -> 40.007742 | K28: =((100-K24)/100)*K20 -> 45.409011 | L28: =((100-L24)/100)*L20 -> 47.244488 | M28: =((100-M24)/100)*M20 -> 44.347847 | ... X28: =((100-X24)/100)*X20 -> 71.410373 | Y28: =SUM(F28:X28) -> 803.34721
E29: Foliose | F29: =((100-F25)/100)*F21 -> 0 | G29: =((100-G25)/100)*G21 -> 16.337795 | H29: =((100-H25)/100)*H21 -> 22.230742 | I29: =((100-I25)/100)*I21 -> 33.035289 | J29: =((100-J25)/100)*J21 -> 31.824619 | K29: =((100-K25)/100)*K21 -> 42.112044 | L29: =((100-L25)/100)*L21 -> 46.472115 | M29: =((100-M25)/100)*M21 -> 62.547745 | ... X29: =((100-X25)/100)*X21 -> 127.50029 | Y29: =SUM(F29:X29) -> 1147.6548
E30: Other | F30: =((100-F26)/100)*F22 -> 4.1020992 | G30: =((100-G26)/100)*G22 -> 23.083994 | H30: =((100-H26)/100)*H22 -> 19.115338 | I30: =((100-I26)/100)*I22 -> 28.540827 | J30: =((100-J26)/100)*J22 -> 24.770673 | K30: =((100-K26)/100)*K22 -> 33.647681 | L30: =((100-L26)/100)*L22 -> 36.319132 | M30: =((100-M26)/100)*M22 -> 52.216128 | ... X30: =((100-X26)/100)*X22 -> 0 | Y30: =SUM(F30:X30) -> 580.65527
C33: Step 4 | D33: Rel increase | E33: Branching | F33: =(Y28-Y7)/Y20 -> -0.13353518
E34: Foliose | F34: =(Y29-Y8)/Y21 -> -0.057879796
E35: Other | F35: =(Y30-Y9)/Y22 -> -0.053083711
C38: Step 5 | D38: Abs coral cover | E38: Branching | F38: =(7.37999999999999/100)*(100+(F33*100)) -> 6.3945104 | G38: =7.37999999999999-F38 -> 0.98548959
E39: Foliose | F39: =(41.03/100)*(100+(F34*100)) -> 38.655192 | G39: =41.03-F39 -> 2.374808
E40: Other | F40: =(16.6/100)*(100+(F35*100)) -> 15.71881 | G40: =16.6-F40 -> 0.8811896
E42: TOTAL | F42: =SUM(F38:F40) -> 60.768513 | G42: So after 1 year we see a 4.23% decrease in coral cover

Sheet Reproduction
A1: Brooder cover = 4.61% | H1: Spawner cover = 60.4%
B3: T1 | C3: T2 | D3: T3 | E3: T4 | F3: T5 | I3: T1
A4: Brooder cover (%) | B4: 4.61 | C4: 5.83 | I4: Branching + Foliose | J4: Other
A5: Reef area (m2) | B5: 381289 | C5: 381289 | H5: Spawner cover (%) | I5: 43.8 | J5: 16.6
A6: Brooder cover (m2) | B6: =(B5/100)*B4 -> 17577.423 | C6: =(C5/100)*C4 -> 22229.149 | H6: Reef area (m2) | I6: 381289 | J6: 381289
A7: Brooder cover m2 per m2 | B7: =B6/B5 -> 0.0461 | C7: =C6/C5 -> 0.0583 | H7: Spawner cover (m2) | I7: =(I6/100)*I5 -> 167004.58 | J7: =(J6/100)*J5 -> 63293.974
A8: Brooder cover cm2 per m2 | B8: =B7*100*100 -> 461 | C8: =C7*100*100 -> 583
A9: No of polyps (using 0.75 mm polyp size) | B9: =B8/0.00749999999999999 -> 61466.667 | C9: =C8/0.00749999999999999 -> 77733.333 | H9: Number of eggs | I9: =375*I7*10000 -> 626267182500 | J9: =600*J7*10000 -> 379763844000
A10: No of polyps per cm2 | B10: =B9/B8 -> 133.33333 | C10: =C9/C8 -> 133.33333 | H10: Number of eggs now taking into account colonies spawning | I10: =I9*0.729999999999999 -> 4.5717504e+11 | J10: =J9*0.609999999999999 -> 2.3165594e+11
A11: Number of planulae released per m2 | B11: =((B10/25)*0.05)*B8 -> 122.93333 | C11: =((C10/25)*0.05)*C8 -> 155.46667 | H11: Egg fertilisation rate | I11: =I10*0.55 -> 2.5144627e+11 | J11: =J10*0.55 -> 1.2741077e+11
A12: Available substrate (%) | B12: 13.87 | C12: 13.87
A13: Available substrate (m2) | B13: =(B12/100)*B5 -> 52884.784 | C13: =(C12/100)*C5 -> 52884.784 | H13: Eggs retained | I13: =(((I11*0.8)*0.5)*0.2)*0.1 -> 2.0115702e+09 | J13: =J11*0.8*0.5*0.2 -> 1.0192862e+10
A14: Number of 6 month recruits (1cm) per reef | B14: =B11*B13 -> 6501302.8 | C14: =C11*C13 -> 8221821.1 | H14: Larvae survived | I14: =((((((((I13*0.839999999999999)*0.87)*0.93)*0.939999999999999)*0.949999999999999)*0.959999999999999)*0.964999999999999)*0.969999999999999) -> 1.0970803e+09 | J14: =((((J13*0.915)*0.91)*0.915)*0.915) -> 7.1056007e+09
A15: Number of recruits (2cm) - 0.73 MR rate | B15: =B14*0.27 -> 1755351.8 | C15: =C14*0.27 -> 2219891.7 | H15: Larvae settled - used a value of 0.012 (mid value betw 0.004 and 0.02 for low substrate available bracket) | I15: =I14*0.012 -> 13164964 | J15: =J14*0.012 -> 85267209
A16: Number of recruits (3cm) - 0.39 MR rate | B16: =B15*0.609999999999999 -> 1070764.6 | C16: =C15*0.609999999999999 -> 1354133.9
A17: Number of recruits (4cm) - 0.37 MR rate | B17: =B16*0.63 -> 674581.68 | C17: =C16*0.63 -> 853104.38
A18: Number of recruits (5cm) - 0.35 MR rate | B18: =B17*0.65 -> 438478.09 | C18: =C17*0.65 -> 554517.85 | H18: Number of 6 month recruits (1cm) per reef 0.02-0.08 range | I18: =I15*0.02 -> 263299.27 | J18: =J15*0.02 -> 1705344.2
H19: Number of recruits (2cm) - 0.81/0.865 MR rate | I19: =I18*0.81 -> 213272.41 | J19: =J18*0.864999999999999 -> 1475122.7
A20: SA (cm2) at 1 cm | B20: =(3.14*((1/2)^2))*B14 -> 5103522.7 | C20: =(3.14*((1/2)^2))*C14 -> 6454129.6 | H20: Number of recruits (3cm) - 0.93/0.83 MR rate | I20: =I19*0.93 -> 198343.34 | J20: =J19*0.829999999999999 -> 1224351.9
A21: SA at 2 cm | B21: =(3.14*((2/2)^2))*B15 -> 5511804.5 | C21: =(3.14*((2/2)^2))*C15 -> 6970460 | H21: Number of recruits (4cm) - 0.88/0.91 MR rate | I21: =I20*0.88 -> 174542.14 | J21: =J20*0.91 -> 1114160.2
A22: SA at 3 cm | B22: =(3.14*((3/2)^2))*B16 -> 7564951.7 | C22: =(3.14*((3/2)^2))*C16 -> 9566956.3 | H22: Number of recruits (5cm) - 0.9/0.925 MR rate | I22: =I21*0.9 -> 157087.93 | J22: =J21*0.925 -> 1030598.2
A23: SA at 4 cm | B23: =(3.14*((4/2)^2))*B17 -> 8472745.9 | C23: =(3.14*((4/2)^2))*C17 -> 10714991
A24: SA at 5 cm | B24: =(3.14*((5/2)^2))*B18 -> 8605132.6 | C24: =(3.14*((5/2)^2))*C18 -> 10882413 | H24: SA (cm2) at 1 cm | I24: =(3.14*((1/2)^2))*I18 -> 206689.93 | J24: =(3.14*((1/2)^2))*J18 -> 1338695.2
H25: SA at 2 cm | I25: =(3.14*((2/2)^2))*I19 -> 669675.37 | J25: =(3.14*((2/2)^2))*J19 -> 4631885.3
A26: T1 SA from recruits (m2) | B26: =B24/10000 -> 860.51326 | H26: SA at 3 cm | I26: =(3.14*((3/2)^2))*I20 -> 1401295.7 | J26: =(3.14*((3/2)^2))*J20 -> 8650045.8
A27: T1 SA from recruits (% of reef area) | B27: =(B26/B5)*100 -> 0.22568531 | H27: SA at 4 cm | I27: =(3.14*((4/2)^2))*I21 -> 2192249.3 | J27: =(3.14*((4/2)^2))*J21 -> 13993852
H28: SA at 5 cm | I28: =(3.14*((5/2)^2))*I22 -> 3082850.6 | J28: =(3.14*((5/2)^2))*J22 -> 20225489
K29: TOTAL | M29: Grand total from B and S
H30: T1 SA from recruits (m2) | I30: =I28/10000 -> 308.28506 | J30: =J28/10000 -> 2022.5489 | K30: =SUM(I30:J30) -> 2330.834
H31: T1 SA from recruits (% of reef area) | I31: =(I30/I6)*100 -> 0.080853383 | J31: =(J30/J6)*100 -> 0.53045037 | K31: =(K30/J6)*100 -> 0.61130375 | M31: =K31+B27 -> 0.83698906

Sheet  TOTAL_COVERS
A1: Factoring in all three processes (growth, mortality and reproduction)
A3: Bins 10 cm and over (so just G and M) | F3: If we now include recruitment into the first sub-bin (0-1 cm) in the 0-5 bin
B5: T0 | C5: T1 | D5: Notes | G5: T0 | H5: T1
A6: Total cover cover | B6: 65 | C6: =B6+8.92999999999999-4.23 -> 69.7 | F6: Total cover cover | G6: 65 | H6: =C6+Reproduction!M31 -> 70.536989
A7: Branching coral cover | B7: 7.3758865 | C7: =B7+Growth!G28-Mortality!G38 -> 9.3375922 | F7: Branching coral cover | G7: 7.3758865 | H7: =C7+Reproduction!B27+(Reproduction!I31/2) -> 9.6037042
A8: Foliose coral cover | B8: 41.028369 | C8: =B8+Growth!G29-Mortality!G39 -> 43.559965 | F8: Foliose coral cover | G8: 41.028369 | H8: =C8+(Reproduction!I31/2) -> 43.600392
A9: Other coral cover | B9: 16.595745 | C9: =B9+Growth!G30-Mortality!G40 -> 16.782538 | F9: Other coral cover | G9: 16.595745 | H9: =C9+Reproduction!J31 -> 17.312989
A10: Brooder coral cover | B10: 4.61 | C10: =B10+1.22 -> 5.83 | D10: Note that these were calculated based on the relative proportion of brooders to spawners and the relative percentage of Spawner BF to O | F10: Brooder coral cover | G10: 4.61 | H10: =C10+Reproduction!B27 -> 6.0556853
A11: Spawner coral cover | B11: 60.4 | C11: =B11+3.45 -> 63.85 | F11: Spawner coral cover | G11: 60.4 | H11: =C11+Reproduction!K31 -> 64.461304
A12: Spawner B+F | B12: 43.8 | C12: =B12+3.27 -> 47.07 | F12: Spawner B+F | G12: 43.8 | H12: =C12+Reproduction!I31 -> 47.150853
A13: Spawner O | B13: 16.6 | C13: 16.78 | F13: Spawner O | G13: 16.6 | H13: =C13+Reproduction!J31 -> 17.31045
B35: =B7+B8+B9 -> 65

Sheet New PSD
C1: Mid bin values cm | D1: 2.5 | E1: 7.5 | F1: 12.5 | G1: 17.5 | H1: 22.5 | I1: 27.5 | J1: 32.5 | K1: 37.5 | L1: 42.5 | M1: 47.5 | N1: 52.5 | O1: 57.5 | P1: 62.5 | Q1: 67.5 | R1: 72.5 | S1: 77.5 | T1: 82.5 | U1: 87.5 | V1: 92.5 | W1: 100
C2: BIN | D2: 5 | E2: 10 | F2: 15 | G2: 20 | H2: 25 | I2: 30 | J2: 35 | K2: 40 | L2: 45 | M2: 50 | N2: 55 | O2: 60 | P2: 65 | Q2: 70 | R2: 75 | S2: 80 | T2: 85 | U2: 90 | V2: 95 | W2: >95
B3: PSD T0 | C3: Branching | D3: 0 | E3: 1.5037295 | F3: 18.982191 | G3: 15.764108 | H3: 11.697243 | I3: 9.989304 | J3: 8.2813649 | K3: 6.5734258 | L3: 4.8654867 | M3: 3.1575477 | N3: 2.5141869 | O3: 2.0737915 | P3: 2.0262355 | Q3: 1.9786795 | R3: 1.9311235 | S3: 1.8835675 | T3: 1.8360115 | U3: 1.7735111 | V3: 1.6462519 | W3: 1.5222401
C4: Foliose | D4: 0 | E4: 0 | F4: 16.536144 | G4: 12.002206 | H4: 11.217082 | I4: 7.4258583 | J4: 7.1712227 | K4: 6.03244 | L4: 6.3967074 | M4: 4.3295701 | N4: 3.765483 | O4: 3.1303993 | P4: 3.0419846 | Q4: 2.9535699 | R4: 2.8651552 | S4: 2.7767404 | T4: 2.6883257 | U4: 2.599911 | V4: 2.5557036 | W4: 2.5114963
C5: Other | D5: 7.8 | E5: 10.072838 | F5: 23.364245 | G5: 10.320224 | H5: 9.6909947 | I5: 5.7799123 | J5: 5.7298337 | K5: 4.7145042 | L5: 5.3401013 | M5: 3.3112582 | N5: 2.9233418 | O5: 2.4871629 | P5: 2.1664663 | Q5: 1.8457696 | R5: 1.525073 | S5: 1.2043763 | T5: 0.8836797 | U5: 0.56298306 | V5: 0.29054896 | W5: 0
X6: TOTAL
B7: Rel SA T0 | C7: Branching | D7: 0 | E7: =(E1/2)*(((2.27999999999999+(0.67*E1))/2)*3.14)*((E3/100)) -> 0.64672682 | F7: =(F1/2)*(((2.27999999999999+(0.67*F1))/2)*3.14)*((F3/100)) -> 19.846296 | G7: =(G1/2)*(((2.27999999999999+(0.67*G1))/2)*3.14)*((G3/100)) -> 30.329149 | H7: =(H1/2)*(((2.27999999999999+(0.67*H1))/2)*3.14)*((H3/100)) -> 35.855874 | I7: =(I1/2)*(((2.27999999999999+(0.67*I1))/2)*3.14)*((I3/100)) -> 44.649111 | J7: =(J1/2)*(((2.27999999999999+(0.67*J1))/2)*3.14)*((J3/100)) -> 50.823 | K7: =(K1/2)*(((2.27999999999999+(0.67*K1))/2)*3.14)*((K3/100)) -> 53.030106 | L7: =(L1/2)*(((2.27999999999999+(0.67*L1))/2)*3.14)*((L3/100)) -> 49.922993 | ... W7: =(W1/2)*(((2.27999999999999+(0.67*W1))/2)*3.14)*((W3/100)) -> 82.786721 | X7: =SUM(E7:W7) -> 916.19646
C8: Foliose | D8: 0 | E8: =(E1/2)*(((2.27999999999999+(0.67*E1))/2)*3.14)*((E4/100)) -> 0 | F8: =(F1/2)*(((2.27999999999999+(0.67*F1))/2)*3.14)*((F4/100)) -> 17.2889 | G8: =(G1/2)*(((2.27999999999999+(0.67*G1))/2)*3.14)*((G4/100)) -> 23.091487 | H8: =(H1/2)*(((2.27999999999999+(0.67*H1))/2)*3.14)*((H4/100)) -> 34.384024 | I8: =(I1/2)*(((2.27999999999999+(0.67*I1))/2)*3.14)*((I4/100)) -> 33.191298 | J8: =(J1/2)*(((2.27999999999999+(0.67*J1))/2)*3.14)*((J4/100)) -> 44.010022 | K8: =(K1/2)*(((2.27999999999999+(0.67*K1))/2)*3.14)*((K4/100)) -> 48.665786 | L8: =(L1/2)*(((2.27999999999999+(0.67*L1))/2)*3.14)*((L4/100)) -> 65.634292 | ... W8: =(W1/2)*(((2.27999999999999+(0.67*W1))/2)*3.14)*((W4/100)) -> 136.58722 | X8: =SUM(E8:W8) -> 1216.6456
C9: Other | D9: =(D1/2)*(((2.27999999999999+(0.67*D1))/2)*3.14)*((D5/100)) -> 0.60541162 | E9: =(E1/2)*(((2.27999999999999+(0.67*E1))/2)*3.14)*((E5/100)) -> 4.3321451 | F9: =(F1/2)*(((2.27999999999999+(0.67*F1))/2)*3.14)*((F5/100)) -> 24.427829 | G9: =(G1/2)*(((2.27999999999999+(0.67*G1))/2)*3.14)*((G5/100)) -> 19.855459 | H9: =(H1/2)*(((2.27999999999999+(0.67*H1))/2)*3.14)*((H5/100)) -> 29.706066 | I9: =(I1/2)*(((2.27999999999999+(0.67*I1))/2)*3.14)*((I5/100)) -> 25.834427 | J9: =(J1/2)*(((2.27999999999999+(0.67*J1))/2)*3.14)*((J5/100)) -> 35.164172 | K9: =(K1/2)*(((2.27999999999999+(0.67*K1))/2)*3.14)*((K5/100)) -> 38.033541 | ... W9: =(W1/2)*(((2.27999999999999+(0.67*W1))/2)*3.14)*((W5/100)) -> 0 | X9: =SUM(E9:W9) -> 612.48758
B11: Rel SA growth | C11: Branching | E11: 3.1411216 | F11: 60.775836 | G11: 71.725302 | H11: 71.744277 | I11: 79.437925 | J11: 82.867497 | K11: 80.827153 | L11: 72.111049 | M11: 55.513344 | N11: 51.73373 | O11: 49.372062 | P11: 55.2633 | Q11: 61.290519 | R11: 67.420145 | S11: 73.618601 | T11: 79.852313 | U11: 85.368353 | V11: 87.273595 | W11: 92.742436
C12: Foliose | E12: 0 | F12: 28.863048 | G12: 33.769058 | H12: 46.368452 | I12: 42.371548 | J12: 54.000762 | K12: 57.950669 | L12: 76.343771 | M12: 62.844789 | N12: 65.322433 | O12: 63.960872 | P12: 72.304048 | Q12: 80.801663 | R12: 89.386862 | S12: 97.992793 | T12: 106.5526 | U12: 114.99943 | V12: 125.43617 | W12: 142.8642
C13: Other | E13: 6.0276971 | F13: 30.171716 | G13: 23.149282 | H13: 33.469004 | I13: 28.454066 | J13: 38.109194 | K13: 40.723346 | L13: 58.119218 | M13: 44.331071 | N13: 47.215506 | O13: 47.686919 | P13: 48.645862 | Q13: 47.978181 | R13: 45.434904 | S13: 40.767056 | T13: 33.725664 | U13: 24.061753 | V13: 13.822358 | W13: 0
B15: Rel SA mortality | C15: Branching | E15: 0.54048297 | F15: 16.538851 | G15: 27.332521 | H15: 32.220882 | I15: 40.007742 | J15: 45.409011 | K15: 47.244488 | L15: 44.347847 | M15: 35.566637 | N15: 34.275505 | O15: 33.635338 | P15: 38.541434 | Q15: 43.603508 | R15: 48.787175 | S15: 54.058439 | T15: 59.383688 | U15: 64.188816 | V15: 66.254476 | W15: 71.410373
C16: Foliose | E16: 0 | F16: 16.337795 | G16: 22.230742 | H16: 33.035289 | I16: 31.824619 | J16: 42.112044 | K16: 46.472115 | L16: 62.547745 | M16: 52.362127 | N16: 55.164432 | O16: 54.60809 | P16: 62.287051 | Q16: 70.125211 | R16: 78.055727 | S16: 86.0123 | T16: 93.929175 | U16: 101.74114 | V16: 111.3089 | W16: 127.50029
C17: Other | E17: 4.1020992 | F17: 23.083994 | G17: 19.115338 | H17: 28.540827 | I17: 24.770673 | J17: 33.647681 | K17: 36.319132 | L17: 52.216128 | M17: 40.046592 | N17: 42.82704 | O17: 43.387185 | P17: 44.360118 | Q17: 43.823234 | R17: 41.547725 | S17: 37.306756 | T17: 30.875464 | U17: 22.030961 | V17: 12.654318 | W17: 0
B19: Rel SA Loss | C19: Branching | E19: =E7-E15 -> 0.10624385 | F19: =F7-F15 -> 3.3074449 | G19: =G7-G15 -> 2.9966286 | H19: =H7-H15 -> 3.6349912 | I19: =I7-I15 -> 4.6413692 | J19: =J7-J15 -> 5.4139899 | K19: =K7-K15 -> 5.7856184 | L19: =L7-L15 -> 5.5751453 | ... W19: =W7-W15 -> 11.376348
C20: Foliose | E20: =E8-E16 -> 0 | F20: =F8-F16 -> 0.95110526 | G20: =G8-G16 -> 0.86074535 | H20: =H8-H16 -> 1.3487354 | I20: =I8-I16 -> 1.3666796 | J20: =J8-J16 -> 1.897978 | K20: =K8-K16 -> 2.1936706 | L20: =L8-L16 -> 3.0865471 | ... W20: =W8-W16 -> 9.0869349
C21: Other | E21: =E9-E17 -> 0.23004592 | F21: =F9-F17 -> 1.3438355 | G21: =G9-G17 -> 0.74012098 | H21: =H9-H17 -> 1.1652395 | I21: =I9-I17 -> 1.0637542 | J21: =J9-J17 -> 1.5164915 | K21: =K9-K17 -> 1.714409 | L21: =L9-L17 -> 2.5767122 | ... W21: =W9-W17 -> 0
X22: TOTAL
B23: Rel SA G + M | C23: Branching | E23: =E11-E19 -> 3.0348778 | F23: =F11-F19 -> 57.468392 | G23: =G11-G19 -> 68.728673 | H23: =H11-H19 -> 68.109286 | I23: =I11-I19 -> 74.796556 | J23: =J11-J19 -> 77.453508 | K23: =K11-K19 -> 75.041534 | L23: =L11-L19 -> 66.535903 | ... W23: =W11-W19 -> 81.366088 | X23: =SUM(E23:W23) -> 1169.2293
C24: Foliose | E24: =E12-E20 -> 0 | F24: =F12-F20 -> 27.911943 | G24: =G12-G20 -> 32.908312 | H24: =H12-H20 -> 45.019717 | I24: =I12-I20 -> 41.004868 | J24: =J12-J20 -> 52.102784 | K24: =K12-K20 -> 55.756998 | L24: =L12-L20 -> 73.257224 | ... W24: =W12-W20 -> 133.77727 | X24: =SUM(E24:W24) -> 1293.1424
C25: Other | E25: =E13-E21 -> 5.7976511 | F25: =F13-F21 -> 28.827881 | G25: =G13-G21 -> 22.409161 | H25: =H13-H21 -> 32.303764 | I25: =I13-I21 -> 27.390312 | J25: =J13-J21 -> 36.592702 | K25: =K13-K21 -> 39.008937 | L25: =L13-L21 -> 55.542506 | ... W25: =W13-W21 -> 0 | X25: =SUM(E25:W25) -> 620.06048
B27: New PSD T1 | C27: Branching | E27: 7.04 | F27: 54.97 | G27: 35.72 | H27: 22.22 | I27: 16.73 | J27: 12.62 | K27: 9.3 | L27: 6.48 | M27: 3.97 | N27: 3.06 | O27: 2.43 | P27: 2.3 | Q27: 2.19 | R27: 2.08 | S27: 1.99 | T27: 1.9 | U27: 1.8 | V27: 1.64 | W27: 1.57 | X27: =SUM(E27:W27) -> 190.01
C28: Foliose | E28: 0 | F28: 26.69 | G28: 17.1 | H28: 14.69 | I28: 9.17 | J28: 8.49 | K28: 6.91 | L28: 7.14 | M28: 4.73 | N28: 4.04 | O28: 3.31 | P28: 3.17 | Q28: 3.05 | R28: 2.92 | S28: 2.8 | T28: 2.69 | U28: 2.58 | V28: 2.51 | W28: 2.58 | X28: =SUM(E28:W28) -> 124.57
C29: Other | E29: 13.48 | F29: 27.57 | G29: 11.65 | H29: 10.54 | I29: 6.13 | J29: 5.96 | K29: 4.84 | L29: 5.4 | M29: 3.32 | N29: 2.91 | O29: 2.46 | P29: 2.13 | Q29: 1.8 | R29: 1.48 | S29: 1.16 | T29: 0.85 | U29: 0.54 | V29: 0.28 | W29: 0 | X29: =SUM(E29:W29) -> 102.5
B31: Normalised PSD T1 | C31: Branching | E31: =(E27/$X27)*100 -> 3.7050682 | F31: =(F27/$X27)*100 -> 28.930056 | G31: =(G27/$X27)*100 -> 18.799011 | H31: =(H27/$X27)*100 -> 11.694121 | I31: =(I27/$X27)*100 -> 8.8047997 | J31: =(J27/$X27)*100 -> 6.6417557 | K31: =(K27/$X27)*100 -> 4.8944792 | L31: =(L27/$X27)*100 -> 3.4103468 | ... W31: =(W27/$X27)*100 -> 0.8262723
C32: Foliose | E32: =(E28/$X28)*100 -> 0 | F32: =(F28/$X28)*100 -> 21.425704 | G32: =(G28/$X28)*100 -> 13.727222 | H32: =(H28/$X28)*100 -> 11.792566 | I32: =(I28/$X28)*100 -> 7.361323 | J32: =(J28/$X28)*100 -> 6.8154451 | K32: =(K28/$X28)*100 -> 5.547082 | L32: =(L28/$X28)*100 -> 5.7317171 | ... W32: =(W28/$X28)*100 -> 2.0711247
C33: Other | E33: =(E29/$X29)*100 -> 13.15122 | F33: =(F29/$X29)*100 -> 26.897561 | G33: =(G29/$X29)*100 -> 11.365854 | H33: =(H29/$X29)*100 -> 10.282927 | I33: =(I29/$X29)*100 -> 5.9804878 | J33: =(J29/$X29)*100 -> 5.8146341 | K33: =(K29/$X29)*100 -> 4.7219512 | L33: =(L29/$X29)*100 -> 5.2682927 | ... W33: =(W29/$X29)*100 -> 0
B36: Also need to add in reproduction for bin 0 to 5
